PLOTID,point_id,longitude,latitude,class_name,interpreter,labelled_at,imagery
1,P0001,79.225551,11.082187,Vegetation,interpreter_2,2026-09-27T14:38:01.820Z,Google satellite basemap (GEE) + Sentinel-2 Oct-Dec 2024 / Mar-May 2025
2,P0002,79.328947,11.107579,Vegetation,interpreter_2,2026-09-27T14:38:06.530Z,Google satellite basemap (GEE) + Sentinel-2 Oct-Dec 2024 / Mar-May 2025
3,P0003,79.440249,10.878253,Vegetation,interpreter_2,2026-09-27T14:38:08.839Z,Google satellite basemap (GEE) + Sentinel-2 Oct-Dec 2024 / Mar-May 2025
4,P0004,79.364426,11.078342,Rice,interpreter_2,2026-09-27T14:38:33.613Z,Google satellite basemap (GEE) + Sentinel-2 Oct-Dec 2024 / Mar-May 2025
5,P0005,79.230154,10.888434,Vegetation,interpreter_2,2026-09-27T14:38:35.696Z,Google satellite basemap (GEE) + Sentinel-2 Oct-Dec 2024 / Mar-May 2025
6,P0006,79.420706,10.961239,Built-up,interpreter_2,2026-09-27T14:38:39.429Z,Google satellite basemap (GEE) + Sentinel-2 Oct-Dec 2024 / Mar-May 2025
7,P0007,79.379105,11.04316,Built-up,interpreter_2,2026-09-27T14:38:43.541Z,Google satellite basemap (GEE) + Sentinel-2 Oct-Dec 2024 / Mar-May 2025
8,P0008,79.140895,10.983024,Other,interpreter_2,2026-09-27T14:38:45.869Z,Google satellite basemap (GEE) + Sentinel-2 Oct-Dec 2024 / Mar-May 2025
9,P0009,79.075527,11.016375,Rice,interpreter_2,2026-09-27T14:38:50.329Z,Google satellite basemap (GEE) + Sentinel-2 Oct-Dec 2024 / Mar-May 2025
10,P0010,79.302666,11.098289,Vegetation,interpreter_2,2026-09-27T14:38:53.943Z,Google satellite basemap (GEE) + Sentinel-2 Oct-Dec 2024 / Mar-May 2025
11,P0011,79.19181,11.077426,Built-up,interpreter_2,2026-09-27T14:38:56.909Z,Google satellite basemap (GEE) + Sentinel-2 Oct-Dec 2024 / Mar-May 2025
12,P0012,79.407248,11.141209,Vegetation,interpreter_2,2026-09-27T14:39:08.088Z,Google satellite basemap (GEE) + Sentinel-2 Oct-Dec 2024 / Mar-May 2025
13,P0013,79.127855,11.083515,Vegetation,interpreter_2,2026-09-27T14:39:11.085Z,Google satellite basemap (GEE) + Sentinel-2 Oct-Dec 2024 / Mar-May 2025
14,P0014,79.067522,10.990016,Rice,interpreter_2,2026-09-27T14:39:16.131Z,Google satellite basemap (GEE) + Sentinel-2 Oct-Dec 2024 / Mar-May 2025
15,P0015,79.32322,10.896287,Built-up,interpreter_2,2026-09-27T14:39:31.881Z,Google satellite basemap (GEE) + Sentinel-2 Oct-Dec 2024 / Mar-May 2025
16,P0016,79.437004,11.073429,Vegetation,interpreter_2,2026-09-27T14:39:39.109Z,Google satellite basemap (GEE) + Sentinel-2 Oct-Dec 2024 / Mar-May 2025
17,P0017,79.198184,10.947748,Other,interpreter_2,2026-09-27T14:39:41.182Z,Google satellite basemap (GEE) + Sentinel-2 Oct-Dec 2024 / Mar-May 2025
18,P0018,79.125789,10.990867,Other,interpreter_2,2026-09-27T14:39:43.012Z,Google satellite basemap (GEE) + Sentinel-2 Oct-Dec 2024 / Mar-May 2025
19,P0019,79.240282,10.888976,Rice,interpreter_2,2026-09-27T14:39:46.789Z,Google satellite basemap (GEE) + Sentinel-2 Oct-Dec 2024 / Mar-May 2025
20,P0020,79.317926,10.918073,Built-up,interpreter_2,2026-09-27T14:39:50.062Z,Google satellite basemap (GEE) + Sentinel-2 Oct-Dec 2024 / Mar-May 2025
21,P0021,79.383071,10.981146,Built-up,interpreter_2,2026-09-27T14:39:53.081Z,Google satellite basemap (GEE) + Sentinel-2 Oct-Dec 2024 / Mar-May 2025
22,P0022,79.174947,11.06008,Other,interpreter_2,2026-09-27T14:39:55.261Z,Google satellite basemap (GEE) + Sentinel-2 Oct-Dec 2024 / Mar-May 2025
23,P0023,79.371906,11.099678,Built-up,interpreter_2,2026-09-27T14:40:02.476Z,Google satellite basemap (GEE) + Sentinel-2 Oct-Dec 2024 / Mar-May 2025
24,P0024,79.165331,10.966244,Vegetation,interpreter_2,2026-09-27T14:40:08.116Z,Google satellite basemap (GEE) + Sentinel-2 Oct-Dec 2024 / Mar-May 2025
25,P0025,79.105901,11.054749,Vegetation,interpreter_2,2026-09-27T14:40:11.892Z,Google satellite basemap (GEE) + Sentinel-2 Oct-Dec 2024 / Mar-May 2025
26,P0026,79.052945,10.909972,Vegetation,interpreter_2,2026-09-27T14:40:15.974Z,Google satellite basemap (GEE) + Sentinel-2 Oct-Dec 2024 / Mar-May 2025
27,P0027,79.31594,11.086077,Rice,interpreter_2,2026-09-27T14:40:19.627Z,Google satellite basemap (GEE) + Sentinel-2 Oct-Dec 2024 / Mar-May 2025
28,P0028,79.362292,11.06155,Built-up,interpreter_2,2026-09-27T14:41:35.703Z,Google satellite basemap (GEE) + Sentinel-2 Oct-Dec 2024 / Mar-May 2025
29,P0029,79.277496,10.987675,Vegetation,interpreter_2,2026-09-27T14:41:38.919Z,Google satellite basemap (GEE) + Sentinel-2 Oct-Dec 2024 / Mar-May 2025
30,P0030,79.095812,10.891939,Vegetation,interpreter_2,2026-09-27T14:41:41.457Z,Google satellite basemap (GEE) + Sentinel-2 Oct-Dec 2024 / Mar-May 2025
31,P0031,79.238438,11.050521,Vegetation,interpreter_2,2026-09-27T14:41:43.765Z,Google satellite basemap (GEE) + Sentinel-2 Oct-Dec 2024 / Mar-May 2025
32,P0032,79.356,11.019571,Other,interpreter_2,2026-09-27T14:41:49.302Z,Google satellite basemap (GEE) + Sentinel-2 Oct-Dec 2024 / Mar-May 2025
33,P0033,79.271432,11.040415,Other,interpreter_2,2026-09-27T14:41:51.526Z,Google satellite basemap (GEE) + Sentinel-2 Oct-Dec 2024 / Mar-May 2025
34,P0034,79.17158,11.017762,Vegetation,interpreter_2,2026-09-27T14:41:54.600Z,Google satellite basemap (GEE) + Sentinel-2 Oct-Dec 2024 / Mar-May 2025
35,P0035,79.224687,10.859245,Vegetation,interpreter_2,2026-09-27T14:42:12.842Z,Google satellite basemap (GEE) + Sentinel-2 Oct-Dec 2024 / Mar-May 2025
36,P0036,79.213411,10.914375,Vegetation,interpreter_2,2026-09-27T14:42:14.932Z,Google satellite basemap (GEE) + Sentinel-2 Oct-Dec 2024 / Mar-May 2025
37,P0037,79.143576,11.106021,Vegetation,interpreter_2,2026-09-27T14:42:19.643Z,Google satellite basemap (GEE) + Sentinel-2 Oct-Dec 2024 / Mar-May 2025
38,P0038,79.162554,10.867491,Vegetation,interpreter_2,2026-09-27T14:42:23.272Z,Google satellite basemap (GEE) + Sentinel-2 Oct-Dec 2024 / Mar-May 2025
39,P0039,79.314767,10.938078,Vegetation,interpreter_2,2026-09-27T14:42:25.285Z,Google satellite basemap (GEE) + Sentinel-2 Oct-Dec 2024 / Mar-May 2025
40,P0040,79.363559,11.01711,Vegetation,interpreter_2,2026-09-27T14:42:27.839Z,Google satellite basemap (GEE) + Sentinel-2 Oct-Dec 2024 / Mar-May 2025
41,P0041,79.212555,11.049294,Vegetation,interpreter_2,2026-09-27T14:42:31.292Z,Google satellite basemap (GEE) + Sentinel-2 Oct-Dec 2024 / Mar-May 2025
42,P0042,79.116789,11.094206,Rice,interpreter_2,2026-09-27T14:42:34.492Z,Google satellite basemap (GEE) + Sentinel-2 Oct-Dec 2024 / Mar-May 2025
43,P0043,79.086019,10.856814,Rice,interpreter_2,2026-09-27T14:42:36.807Z,Google satellite basemap (GEE) + Sentinel-2 Oct-Dec 2024 / Mar-May 2025
44,P0044,79.234751,11.066708,Vegetation,interpreter_2,2026-09-27T14:42:39.288Z,Google satellite basemap (GEE) + Sentinel-2 Oct-Dec 2024 / Mar-May 2025
45,P0045,79.250418,10.898382,Rice,interpreter_2,2026-09-27T14:42:41.183Z,Google satellite basemap (GEE) + Sentinel-2 Oct-Dec 2024 / Mar-May 2025
46,P0046,79.328528,10.895694,Vegetation,interpreter_2,2026-09-27T14:42:44.086Z,Google satellite basemap (GEE) + Sentinel-2 Oct-Dec 2024 / Mar-May 2025
47,P0047,79.202408,10.983847,Built-up,interpreter_2,2026-09-27T14:42:47.025Z,Google satellite basemap (GEE) + Sentinel-2 Oct-Dec 2024 / Mar-May 2025
48,P0048,79.302113,10.940454,Vegetation,interpreter_2,2026-09-27T14:42:49.867Z,Google satellite basemap (GEE) + Sentinel-2 Oct-Dec 2024 / Mar-May 2025
49,P0049,79.08506,10.958544,Rice,interpreter_2,2026-09-27T14:42:52.073Z,Google satellite basemap (GEE) + Sentinel-2 Oct-Dec 2024 / Mar-May 2025
50,P0050,79.434759,10.885402,Vegetation,interpreter_2,2026-09-27T14:42:54.906Z,Google satellite basemap (GEE) + Sentinel-2 Oct-Dec 2024 / Mar-May 2025
51,P0051,79.329883,11.122574,Vegetation,interpreter_2,2026-09-27T14:42:58.043Z,Google satellite basemap (GEE) + Sentinel-2 Oct-Dec 2024 / Mar-May 2025
52,P0052,79.437671,10.929761,Rice,interpreter_2,2026-09-27T14:43:00.489Z,Google satellite basemap (GEE) + Sentinel-2 Oct-Dec 2024 / Mar-May 2025
53,P0053,79.336756,11.083625,Built-up,interpreter_2,2026-09-27T14:43:02.532Z,Google satellite basemap (GEE) + Sentinel-2 Oct-Dec 2024 / Mar-May 2025
54,P0054,79.158897,10.984808,Vegetation,interpreter_2,2026-09-27T14:43:05.125Z,Google satellite basemap (GEE) + Sentinel-2 Oct-Dec 2024 / Mar-May 2025
55,P0055,79.411041,10.878917,Vegetation,interpreter_2,2026-09-27T14:43:10.550Z,Google satellite basemap (GEE) + Sentinel-2 Oct-Dec 2024 / Mar-May 2025
56,P0056,79.130945,10.986733,Other,interpreter_2,2026-09-27T14:43:14.150Z,Google satellite basemap (GEE) + Sentinel-2 Oct-Dec 2024 / Mar-May 2025
57,P0057,79.281688,10.941787,Vegetation,interpreter_2,2026-09-27T14:43:17.715Z,Google satellite basemap (GEE) + Sentinel-2 Oct-Dec 2024 / Mar-May 2025
58,P0058,79.392646,10.903032,Vegetation,interpreter_2,2026-09-27T14:43:20.210Z,Google satellite basemap (GEE) + Sentinel-2 Oct-Dec 2024 / Mar-May 2025
59,P0059,79.337785,11.077556,Rice,interpreter_2,2026-09-27T14:43:22.728Z,Google satellite basemap (GEE) + Sentinel-2 Oct-Dec 2024 / Mar-May 2025
60,P0060,79.300924,10.979628,Vegetation,interpreter_2,2026-09-27T14:43:25.853Z,Google satellite basemap (GEE) + Sentinel-2 Oct-Dec 2024 / Mar-May 2025
61,P0061,79.309939,11.025229,Vegetation,interpreter_2,2026-09-27T14:43:28.412Z,Google satellite basemap (GEE) + Sentinel-2 Oct-Dec 2024 / Mar-May 2025
62,P0062,79.216323,10.875333,Built-up,interpreter_2,2026-09-27T14:43:31.928Z,Google satellite basemap (GEE) + Sentinel-2 Oct-Dec 2024 / Mar-May 2025
63,P0063,79.247596,10.862484,Vegetation,interpreter_2,2026-09-27T14:43:34.371Z,Google satellite basemap (GEE) + Sentinel-2 Oct-Dec 2024 / Mar-May 2025
64,P0064,79.10781,10.948958,Rice,interpreter_2,2026-09-27T14:43:37.668Z,Google satellite basemap (GEE) + Sentinel-2 Oct-Dec 2024 / Mar-May 2025
65,P0065,79.285058,10.881021,Rice,interpreter_2,2026-09-27T14:43:39.738Z,Google satellite basemap (GEE) + Sentinel-2 Oct-Dec 2024 / Mar-May 2025
66,P0066,79.420048,10.901178,Vegetation,interpreter_2,2026-09-27T14:43:52.186Z,Google satellite basemap (GEE) + Sentinel-2 Oct-Dec 2024 / Mar-May 2025
67,P0067,79.188748,11.024318,Vegetation,interpreter_2,2026-09-27T14:43:55.145Z,Google satellite basemap (GEE) + Sentinel-2 Oct-Dec 2024 / Mar-May 2025
68,P0068,79.059122,11.027275,Rice,interpreter_2,2026-09-27T14:43:59.085Z,Google satellite basemap (GEE) + Sentinel-2 Oct-Dec 2024 / Mar-May 2025
69,P0069,79.242921,11.137568,Other,interpreter_2,2026-09-27T14:44:06.996Z,Google satellite basemap (GEE) + Sentinel-2 Oct-Dec 2024 / Mar-May 2025
70,P0070,79.083092,11.084821,Vegetation,interpreter_2,2026-09-27T14:44:10.355Z,Google satellite basemap (GEE) + Sentinel-2 Oct-Dec 2024 / Mar-May 2025
71,P0071,79.246283,10.995997,Rice,interpreter_2,2026-09-27T14:44:12.789Z,Google satellite basemap (GEE) + Sentinel-2 Oct-Dec 2024 / Mar-May 2025
72,P0072,79.278691,11.131348,Vegetation,interpreter_2,2026-09-27T14:44:15.488Z,Google satellite basemap (GEE) + Sentinel-2 Oct-Dec 2024 / Mar-May 2025
73,P0073,79.15679,10.992047,Vegetation,interpreter_2,2026-09-27T14:44:17.986Z,Google satellite basemap (GEE) + Sentinel-2 Oct-Dec 2024 / Mar-May 2025
74,P0074,79.258269,10.949471,Vegetation,interpreter_2,2026-09-27T14:44:21.910Z,Google satellite basemap (GEE) + Sentinel-2 Oct-Dec 2024 / Mar-May 2025
75,P0075,79.058645,10.981673,Rice,interpreter_2,2026-09-27T14:44:25.257Z,Google satellite basemap (GEE) + Sentinel-2 Oct-Dec 2024 / Mar-May 2025
76,P0076,79.408464,11.097888,Rice,interpreter_2,2026-09-27T14:44:26.845Z,Google satellite basemap (GEE) + Sentinel-2 Oct-Dec 2024 / Mar-May 2025
77,P0077,79.271614,10.892075,Rice,interpreter_2,2026-09-27T14:44:28.300Z,Google satellite basemap (GEE) + Sentinel-2 Oct-Dec 2024 / Mar-May 2025
78,P0078,79.318896,10.882573,Rice,interpreter_2,2026-09-27T14:44:29.579Z,Google satellite basemap (GEE) + Sentinel-2 Oct-Dec 2024 / Mar-May 2025
79,P0079,79.313769,10.93437,Other,interpreter_2,2026-09-27T14:44:33.285Z,Google satellite basemap (GEE) + Sentinel-2 Oct-Dec 2024 / Mar-May 2025
80,P0080,79.357459,11.068098,Vegetation,interpreter_2,2026-09-27T14:44:37.507Z,Google satellite basemap (GEE) + Sentinel-2 Oct-Dec 2024 / Mar-May 2025
81,P0081,79.416405,10.882322,Vegetation,interpreter_2,2026-09-27T14:44:40.157Z,Google satellite basemap (GEE) + Sentinel-2 Oct-Dec 2024 / Mar-May 2025
82,P0082,79.064965,10.919064,Vegetation,interpreter_2,2026-09-27T14:44:43.435Z,Google satellite basemap (GEE) + Sentinel-2 Oct-Dec 2024 / Mar-May 2025
83,P0083,79.198369,11.016456,Vegetation,interpreter_2,2026-09-27T14:44:46.358Z,Google satellite basemap (GEE) + Sentinel-2 Oct-Dec 2024 / Mar-May 2025
84,P0084,79.43116,10.945142,Vegetation,interpreter_2,2026-09-27T14:44:48.901Z,Google satellite basemap (GEE) + Sentinel-2 Oct-Dec 2024 / Mar-May 2025
85,P0085,79.256023,10.937275,Built-up,interpreter_2,2026-09-27T14:44:51.753Z,Google satellite basemap (GEE) + Sentinel-2 Oct-Dec 2024 / Mar-May 2025
86,P0086,79.424417,10.92679,Vegetation,interpreter_2,2026-09-27T14:44:54.666Z,Google satellite basemap (GEE) + Sentinel-2 Oct-Dec 2024 / Mar-May 2025
87,P0087,79.067964,10.899382,Other,interpreter_2,2026-09-27T14:44:57.045Z,Google satellite basemap (GEE) + Sentinel-2 Oct-Dec 2024 / Mar-May 2025
88,P0088,79.44695,10.980529,Vegetation,interpreter_2,2026-09-27T14:44:59.582Z,Google satellite basemap (GEE) + Sentinel-2 Oct-Dec 2024 / Mar-May 2025
89,P0089,79.349443,11.117503,Rice,interpreter_2,2026-09-27T14:45:02.343Z,Google satellite basemap (GEE) + Sentinel-2 Oct-Dec 2024 / Mar-May 2025
90,P0090,79.407379,11.117238,Vegetation,interpreter_2,2026-09-27T14:45:04.357Z,Google satellite basemap (GEE) + Sentinel-2 Oct-Dec 2024 / Mar-May 2025
91,P0091,79.176372,11.005658,Vegetation,interpreter_2,2026-09-27T14:45:06.574Z,Google satellite basemap (GEE) + Sentinel-2 Oct-Dec 2024 / Mar-May 2025
92,P0092,79.314665,11.081604,Rice,interpreter_2,2026-09-27T14:45:08.917Z,Google satellite basemap (GEE) + Sentinel-2 Oct-Dec 2024 / Mar-May 2025
93,P0093,79.087787,10.962097,Rice,interpreter_2,2026-09-27T14:45:10.782Z,Google satellite basemap (GEE) + Sentinel-2 Oct-Dec 2024 / Mar-May 2025
94,P0094,79.154984,11.074037,Vegetation,interpreter_2,2026-09-27T14:45:13.279Z,Google satellite basemap (GEE) + Sentinel-2 Oct-Dec 2024 / Mar-May 2025
95,P0095,79.146388,11.131044,Other,interpreter_2,2026-09-27T14:45:15.634Z,Google satellite basemap (GEE) + Sentinel-2 Oct-Dec 2024 / Mar-May 2025
96,P0096,79.382445,10.886827,Rice,interpreter_2,2026-09-27T14:45:18.417Z,Google satellite basemap (GEE) + Sentinel-2 Oct-Dec 2024 / Mar-May 2025
97,P0097,79.121707,10.895985,Rice,interpreter_2,2026-09-27T14:45:19.747Z,Google satellite basemap (GEE) + Sentinel-2 Oct-Dec 2024 / Mar-May 2025
98,P0098,79.399825,11.029815,Vegetation,interpreter_2,2026-09-27T14:45:24.270Z,Google satellite basemap (GEE) + Sentinel-2 Oct-Dec 2024 / Mar-May 2025
99,P0099,79.174129,10.90893,Vegetation,interpreter_2,2026-09-27T14:45:27.234Z,Google satellite basemap (GEE) + Sentinel-2 Oct-Dec 2024 / Mar-May 2025
