point_id,longitude,latitude,class_name,img_date,interpreter,confidence,notes
P0001,79.225551,11.082187,,,,,
P0002,79.328947,11.107579,,,,,
P0003,79.440249,10.878253,,,,,
P0004,79.364426,11.078342,,,,,
P0005,79.230154,10.888434,,,,,
P0006,79.420706,10.961239,,,,,
P0007,79.379105,11.04316,,,,,
P0008,79.140895,10.983024,,,,,
P0009,79.075527,11.016375,,,,,
P0010,79.302666,11.098289,,,,,
P0011,79.19181,11.077426,,,,,
P0012,79.407248,11.141209,,,,,
P0013,79.127855,11.083515,,,,,
P0014,79.067522,10.990016,,,,,
P0015,79.32322,10.896287,,,,,
P0016,79.437004,11.073429,,,,,
P0017,79.198184,10.947748,,,,,
P0018,79.125789,10.990867,,,,,
P0019,79.240282,10.888976,,,,,
P0020,79.317926,10.918073,,,,,
P0021,79.383071,10.981146,,,,,
P0022,79.174947,11.06008,,,,,
P0023,79.371906,11.099678,,,,,
P0024,79.165331,10.966244,,,,,
P0025,79.105901,11.054749,,,,,
P0026,79.052945,10.909972,,,,,
P0027,79.31594,11.086077,,,,,
P0028,79.362292,11.06155,,,,,
P0029,79.277496,10.987675,,,,,
P0030,79.095812,10.891939,,,,,
P0031,79.238438,11.050521,,,,,
P0032,79.356,11.019571,,,,,
P0033,79.271432,11.040415,,,,,
P0034,79.17158,11.017762,,,,,
P0035,79.224687,10.859245,,,,,
P0036,79.213411,10.914375,,,,,
P0037,79.143576,11.106021,,,,,
P0038,79.162554,10.867491,,,,,
P0039,79.314767,10.938078,,,,,
P0040,79.363559,11.01711,,,,,
P0041,79.212555,11.049294,,,,,
P0042,79.116789,11.094206,,,,,
P0043,79.086019,10.856814,,,,,
P0044,79.234751,11.066708,,,,,
P0045,79.250418,10.898382,,,,,
P0046,79.328528,10.895694,,,,,
P0047,79.202408,10.983847,,,,,
P0048,79.302113,10.940454,,,,,
P0049,79.08506,10.958544,,,,,
P0050,79.434759,10.885402,,,,,
P0051,79.329883,11.122574,,,,,
P0052,79.437671,10.929761,,,,,
P0053,79.336756,11.083625,,,,,
P0054,79.158897,10.984808,,,,,
P0055,79.411041,10.878917,,,,,
P0056,79.130945,10.986733,,,,,
P0057,79.281688,10.941787,,,,,
P0058,79.392646,10.903032,,,,,
P0059,79.337785,11.077556,,,,,
P0060,79.300924,10.979628,,,,,
P0061,79.309939,11.025229,,,,,
P0062,79.216323,10.875333,,,,,
P0063,79.247596,10.862484,,,,,
P0064,79.10781,10.948958,,,,,
P0065,79.285058,10.881021,,,,,
P0066,79.420048,10.901178,,,,,
P0067,79.188748,11.024318,,,,,
P0068,79.059122,11.027275,,,,,
P0069,79.242921,11.137568,,,,,
P0070,79.083092,11.084821,,,,,
P0071,79.246283,10.995997,,,,,
P0072,79.278691,11.131348,,,,,
P0073,79.15679,10.992047,,,,,
P0074,79.258269,10.949471,,,,,
P0075,79.058645,10.981673,,,,,
P0076,79.408464,11.097888,,,,,
P0077,79.271614,10.892075,,,,,
P0078,79.318896,10.882573,,,,,
P0079,79.313769,10.93437,,,,,
P0080,79.357459,11.068098,,,,,
P0081,79.416405,10.882322,,,,,
P0082,79.064965,10.919064,,,,,
P0083,79.198369,11.016456,,,,,
P0084,79.43116,10.945142,,,,,
P0085,79.256023,10.937275,,,,,
P0086,79.424417,10.92679,,,,,
P0087,79.067964,10.899382,,,,,
P0088,79.44695,10.980529,,,,,
P0089,79.349443,11.117503,,,,,
P0090,79.407379,11.117238,,,,,
P0091,79.176372,11.005658,,,,,
P0092,79.314665,11.081604,,,,,
P0093,79.087787,10.962097,,,,,
P0094,79.154984,11.074037,,,,,
P0095,79.146388,11.131044,,,,,
P0096,79.382445,10.886827,,,,,
P0097,79.121707,10.895985,,,,,
P0098,79.399825,11.029815,,,,,
P0099,79.174129,10.90893,,,,,
P0100,79.438731,11.083221,,,,,
P0101,79.107559,11.000222,,,,,
P0102,79.141862,10.854181,,,,,
P0103,79.321063,10.889547,,,,,
P0104,79.252532,10.88655,,,,,
P0105,79.282447,11.058279,,,,,
P0106,79.37165,10.909933,,,,,
P0107,79.345594,11.064622,,,,,
P0108,79.099502,10.889317,,,,,
P0109,79.209031,11.128269,,,,,
P0110,79.245434,10.940285,,,,,
P0111,79.432249,11.048859,,,,,
P0112,79.419923,10.935934,,,,,
P0113,79.272079,10.857458,,,,,
P0114,79.092359,11.040193,,,,,
P0115,79.217646,10.892102,,,,,
P0116,79.288417,11.13987,,,,,
P0117,79.371744,11.129907,,,,,
P0118,79.363905,10.990214,,,,,
P0119,79.093658,10.855351,,,,,
P0120,79.368727,11.098829,,,,,
P0121,79.262308,10.919792,,,,,
P0122,79.397096,11.031805,,,,,
P0123,79.215029,11.030932,,,,,
P0124,79.220353,10.962255,,,,,
P0125,79.396996,11.045579,,,,,
P0126,79.149136,10.986169,,,,,
P0127,79.348406,10.920999,,,,,
P0128,79.092111,11.094971,,,,,
P0129,79.287773,10.869968,,,,,
P0130,79.379866,10.893852,,,,,
P0131,79.107549,10.9431,,,,,
P0132,79.116213,11.126291,,,,,
P0133,79.111445,10.935416,,,,,
P0134,79.058459,10.884647,,,,,
P0135,79.119857,10.866619,,,,,
P0136,79.286458,10.866015,,,,,
P0137,79.207452,11.054214,,,,,
P0138,79.25181,10.945397,,,,,
P0139,79.390453,11.112501,,,,,
P0140,79.122599,10.863043,,,,,
P0141,79.149755,10.921023,,,,,
P0142,79.216505,11.02137,,,,,
P0143,79.199446,10.864776,,,,,
P0144,79.090669,11.007126,,,,,
P0145,79.070785,11.100038,,,,,
P0146,79.089645,11.127453,,,,,
P0147,79.411061,11.103072,,,,,
P0148,79.37081,11.143871,,,,,
P0149,79.306993,11.083843,,,,,
P0150,79.103821,11.083699,,,,,
P0151,79.255689,11.01082,,,,,
P0152,79.23512,11.107272,,,,,
P0153,79.305825,10.965527,,,,,
P0154,79.105907,10.929939,,,,,
P0155,79.216756,10.993363,,,,,
P0156,79.197005,10.919771,,,,,
P0157,79.180998,10.959918,,,,,
P0158,79.324297,10.963839,,,,,
P0159,79.429543,10.939063,,,,,
P0160,79.242364,11.124904,,,,,
P0161,79.264174,10.948508,,,,,
P0162,79.311035,11.104568,,,,,
P0163,79.263089,11.091318,,,,,
P0164,79.165262,11.039875,,,,,
P0165,79.130962,11.070468,,,,,
P0166,79.394288,11.058439,,,,,
P0167,79.295752,10.889631,,,,,
P0168,79.340286,10.878529,,,,,
P0169,79.424376,10.875348,,,,,
P0170,79.433552,10.891222,,,,,
P0171,79.287473,11.090265,,,,,
P0172,79.368046,11.084787,,,,,
P0173,79.151353,11.133808,,,,,
P0174,79.08802,11.027023,,,,,
P0175,79.118517,11.03485,,,,,
P0176,79.278972,11.019485,,,,,
P0177,79.259053,10.989796,,,,,
P0178,79.369698,11.079177,,,,,
P0179,79.289837,10.997646,,,,,
P0180,79.097893,11.129371,,,,,
P0181,79.085084,10.885131,,,,,
P0182,79.217443,11.047359,,,,,
P0183,79.318493,11.082296,,,,,
P0184,79.409347,10.950091,,,,,
P0185,79.158214,11.07876,,,,,
P0186,79.175776,10.959258,,,,,
P0187,79.109113,10.897283,,,,,
P0188,79.225162,11.130838,,,,,
P0189,79.341874,10.964996,,,,,
P0190,79.424456,11.015898,,,,,
P0191,79.241748,11.08409,,,,,
P0192,79.444653,10.962908,,,,,
P0193,79.430478,11.065328,,,,,
P0194,79.390213,10.885544,,,,,
P0195,79.098769,11.041122,,,,,
P0196,79.324439,11.026477,,,,,
P0197,79.231727,10.853691,,,,,
P0198,79.168144,11.09762,,,,,
P0199,79.226926,10.987564,,,,,
P0200,79.417377,10.940578,,,,,
P0201,79.094235,11.084388,,,,,
P0202,79.40168,11.14911,,,,,
P0203,79.384759,10.935173,,,,,
P0204,79.449642,10.881926,,,,,
P0205,79.31005,11.049705,,,,,
P0206,79.408813,10.877132,,,,,
P0207,79.146331,10.8587,,,,,
P0208,79.360707,10.892907,,,,,
P0209,79.414255,10.909461,,,,,
P0210,79.064465,11.046881,,,,,
P0211,79.070663,10.851629,,,,,
P0212,79.370593,11.031778,,,,,
P0213,79.389764,10.921566,,,,,
P0214,79.370386,10.86717,,,,,
P0215,79.358843,11.128339,,,,,
P0216,79.385192,11.059436,,,,,
P0217,79.130713,10.862045,,,,,
P0218,79.302005,11.073556,,,,,
P0219,79.112085,11.105339,,,,,
P0220,79.127217,11.070386,,,,,
P0221,79.333962,10.931228,,,,,
P0222,79.294617,11.144061,,,,,
P0223,79.296524,10.86635,,,,,
P0224,79.403658,10.862705,,,,,
P0225,79.119251,11.062873,,,,,
P0226,79.123413,10.877516,,,,,
P0227,79.233424,11.144008,,,,,
P0228,79.304563,11.085224,,,,,
P0229,79.108052,11.021724,,,,,
P0230,79.170537,11.133807,,,,,
P0231,79.32991,11.023405,,,,,
P0232,79.426238,11.04477,,,,,
P0233,79.253341,10.894532,,,,,
P0234,79.239667,10.97121,,,,,
P0235,79.103638,10.885765,,,,,
P0236,79.171882,10.933423,,,,,
P0237,79.294395,10.978371,,,,,
P0238,79.214724,11.040389,,,,,
P0239,79.137051,10.972635,,,,,
P0240,79.176816,11.026492,,,,,
P0241,79.21736,10.860818,,,,,
P0242,79.140237,10.99224,,,,,
P0243,79.276309,11.021737,,,,,
P0244,79.309179,11.060601,,,,,
P0245,79.176486,11.04573,,,,,
P0246,79.269658,11.08623,,,,,
P0247,79.255096,10.958197,,,,,
P0248,79.404561,11.071012,,,,,
P0249,79.251453,11.126317,,,,,
P0250,79.369948,11.006083,,,,,
P0251,79.384953,10.944335,,,,,
P0252,79.096343,10.998242,,,,,
P0253,79.386797,10.871618,,,,,
P0254,79.119198,10.950239,,,,,
P0255,79.347077,10.944168,,,,,
P0256,79.380869,10.854405,,,,,
P0257,79.198905,11.106964,,,,,
P0258,79.290336,10.896084,,,,,
P0259,79.195968,10.885902,,,,,
P0260,79.448186,11.137529,,,,,
P0261,79.174385,11.081631,,,,,
P0262,79.332163,11.0563,,,,,
P0263,79.133623,10.853218,,,,,
P0264,79.115501,11.007526,,,,,
P0265,79.384522,10.899772,,,,,
P0266,79.272388,11.14674,,,,,
P0267,79.446129,11.101721,,,,,
P0268,79.229298,10.892479,,,,,
P0269,79.08202,10.967772,,,,,
P0270,79.223512,11.076599,,,,,
P0271,79.110269,10.990798,,,,,
P0272,79.412841,10.904278,,,,,
P0273,79.143141,10.863395,,,,,
P0274,79.246079,10.937618,,,,,
P0275,79.247316,11.025934,,,,,
P0276,79.147467,10.875235,,,,,
P0277,79.305035,11.103077,,,,,
P0278,79.318081,11.044745,,,,,
P0279,79.073243,11.078871,,,,,
P0280,79.265811,10.959983,,,,,
P0281,79.387792,10.951537,,,,,
P0282,79.357451,10.994772,,,,,
P0283,79.251917,11.105605,,,,,
P0284,79.28485,11.122866,,,,,
P0285,79.186236,11.105082,,,,,
P0286,79.262564,10.999645,,,,,
P0287,79.209421,10.881494,,,,,
P0288,79.302333,11.125201,,,,,
P0289,79.185542,10.903252,,,,,
P0290,79.059929,10.907481,,,,,
P0291,79.229283,11.128238,,,,,
P0292,79.289391,10.942261,,,,,
P0293,79.161209,10.852194,,,,,
P0294,79.303508,11.06091,,,,,
P0295,79.298143,11.144542,,,,,
P0296,79.354573,10.993252,,,,,
P0297,79.338278,11.120998,,,,,
P0298,79.362802,11.138963,,,,,
P0299,79.095642,11.11004,,,,,
P0300,79.226035,11.069724,,,,,
P0301,79.311641,11.015931,,,,,
P0302,79.443831,11.140945,,,,,
P0303,79.343501,10.936468,,,,,
P0304,79.188597,11.074995,,,,,
P0305,79.066379,10.887161,,,,,
P0306,79.24588,11.083203,,,,,
P0307,79.235989,11.145662,,,,,
P0308,79.21463,11.143375,,,,,
P0309,79.083928,11.088105,,,,,
P0310,79.370824,11.016639,,,,,
P0311,79.379033,11.127411,,,,,
P0312,79.199081,10.861091,,,,,
P0313,79.093713,10.86461,,,,,
P0314,79.335303,11.052592,,,,,
P0315,79.396183,11.082116,,,,,
P0316,79.370349,11.071829,,,,,
P0317,79.39325,11.036569,,,,,
P0318,79.255852,10.85135,,,,,
P0319,79.061843,11.053186,,,,,
P0320,79.408254,10.970407,,,,,
P0321,79.145063,11.051484,,,,,
P0322,79.189213,11.105834,,,,,
P0323,79.169577,11.106003,,,,,
P0324,79.208776,11.027096,,,,,
P0325,79.404623,10.932448,,,,,
P0326,79.083925,10.906278,,,,,
P0327,79.337056,10.952578,,,,,
P0328,79.449497,11.092229,,,,,
P0329,79.213177,10.938909,,,,,
P0330,79.279949,10.891046,,,,,
P0331,79.330352,11.149274,,,,,
P0332,79.206948,11.028564,,,,,
P0333,79.248767,11.12459,,,,,
P0334,79.196151,10.89031,,,,,
P0335,79.130792,10.87015,,,,,
P0336,79.187317,11.040362,,,,,
P0337,79.433684,10.976115,,,,,
P0338,79.266343,11.075589,,,,,
P0339,79.408799,10.935362,,,,,
P0340,79.180137,10.920529,,,,,
P0341,79.261817,11.122719,,,,,
P0342,79.286298,11.072695,,,,,
P0343,79.169753,11.046032,,,,,
P0344,79.178997,10.922412,,,,,
P0345,79.399726,10.896632,,,,,
P0346,79.274596,10.934974,,,,,
P0347,79.36353,11.087592,,,,,
P0348,79.240503,10.981516,,,,,
P0349,79.319839,11.148411,,,,,
P0350,79.411022,11.094392,,,,,
P0351,79.124072,11.086277,,,,,
P0352,79.090758,11.018651,,,,,
P0353,79.43214,11.045877,,,,,
P0354,79.223189,11.00382,,,,,
P0355,79.43391,10.860753,,,,,
P0356,79.066432,10.880901,,,,,
P0357,79.076212,10.92382,,,,,
P0358,79.256435,10.986535,,,,,
P0359,79.070384,10.943771,,,,,
P0360,79.203802,10.88348,,,,,
P0361,79.329276,10.868159,,,,,
P0362,79.170829,10.912106,,,,,
P0363,79.216644,10.968238,,,,,
P0364,79.094828,10.850498,,,,,
P0365,79.050493,11.108829,,,,,
P0366,79.245801,11.00245,,,,,
P0367,79.222531,10.949928,,,,,
P0368,79.386481,11.084174,,,,,
P0369,79.178996,10.928105,,,,,
P0370,79.241945,10.922745,,,,,
P0371,79.141301,11.054978,,,,,
P0372,79.422154,10.949221,,,,,
P0373,79.234308,10.864571,,,,,
P0374,79.110182,11.063467,,,,,
P0375,79.105282,10.864212,,,,,
P0376,79.053704,11.125647,,,,,
P0377,79.062513,10.906497,,,,,
P0378,79.29806,10.883189,,,,,
P0379,79.277685,10.922492,,,,,
P0380,79.389774,11.027059,,,,,
P0381,79.391348,10.851422,,,,,
P0382,79.115097,11.035736,,,,,
P0383,79.392197,11.081881,,,,,
P0384,79.417517,10.926279,,,,,
P0385,79.29137,10.986337,,,,,
P0386,79.194614,11.145395,,,,,
P0387,79.17736,11.093948,,,,,
P0388,79.290294,11.089764,,,,,
P0389,79.21561,10.914907,,,,,
P0390,79.081243,10.945291,,,,,
P0391,79.188591,10.85895,,,,,
P0392,79.116195,10.85571,,,,,
P0393,79.333236,11.067555,,,,,
P0394,79.176861,11.071574,,,,,
P0395,79.287532,11.117006,,,,,
P0396,79.107487,10.887808,,,,,
P0397,79.119178,11.057929,,,,,
P0398,79.44671,11.002188,,,,,
P0399,79.056632,10.851202,,,,,
P0400,79.283856,11.147925,,,,,
P0401,79.408921,10.888073,,,,,
P0402,79.26448,11.114114,,,,,
P0403,79.159275,11.036538,,,,,
P0404,79.057264,11.100874,,,,,
P0405,79.142512,11.028714,,,,,
P0406,79.151466,11.112167,,,,,
P0407,79.271416,11.033231,,,,,
P0408,79.321048,10.96885,,,,,
P0409,79.276775,11.067731,,,,,
P0410,79.443367,11.077527,,,,,
P0411,79.255833,10.975782,,,,,
P0412,79.368411,10.853741,,,,,
P0413,79.213185,11.006069,,,,,
P0414,79.405863,10.878222,,,,,
P0415,79.323033,10.968502,,,,,
P0416,79.43462,10.894812,,,,,
P0417,79.129817,10.903533,,,,,
P0418,79.415033,11.107695,,,,,
P0419,79.23792,10.913644,,,,,
P0420,79.401346,11.070048,,,,,
P0421,79.256808,10.963716,,,,,
P0422,79.342454,11.072515,,,,,
P0423,79.277974,11.084888,,,,,
P0424,79.411589,10.881385,,,,,
P0425,79.369239,11.109672,,,,,
P0426,79.131759,10.879959,,,,,
P0427,79.059256,11.07308,,,,,
P0428,79.200858,11.143767,,,,,
P0429,79.405028,11.065794,,,,,
P0430,79.177653,10.968389,,,,,
P0431,79.282396,11.032622,,,,,
P0432,79.29071,10.972742,,,,,
P0433,79.237056,11.130614,,,,,
P0434,79.200882,10.909023,,,,,
P0435,79.102443,10.968232,,,,,
P0436,79.323825,10.898861,,,,,
P0437,79.431959,10.951843,,,,,
P0438,79.08957,10.923079,,,,,
P0439,79.402414,11.076051,,,,,
P0440,79.130835,10.933434,,,,,
P0441,79.258805,10.90573,,,,,
P0442,79.153776,10.990525,,,,,
P0443,79.242597,10.863552,,,,,
P0444,79.311008,11.1378,,,,,
P0445,79.094277,10.998652,,,,,
P0446,79.16791,10.925731,,,,,
P0447,79.400684,11.079441,,,,,
P0448,79.443827,11.120493,,,,,
P0449,79.4312,11.14471,,,,,
P0450,79.105117,10.871547,,,,,
P0451,79.271159,10.94134,,,,,
P0452,79.388319,10.879093,,,,,
P0453,79.266946,11.035027,,,,,
P0454,79.151302,10.899593,,,,,
P0455,79.390773,10.898094,,,,,
P0456,79.344052,11.025268,,,,,
P0457,79.198501,10.93881,,,,,
P0458,79.354006,10.971456,,,,,
P0459,79.132725,11.081706,,,,,
P0460,79.098262,11.132462,,,,,
P0461,79.090158,11.118837,,,,,
P0462,79.388591,10.929362,,,,,
P0463,79.215427,10.903848,,,,,
P0464,79.390534,11.063074,,,,,
P0465,79.185729,11.112373,,,,,
P0466,79.149363,11.009255,,,,,
P0467,79.114502,10.923439,,,,,
P0468,79.405196,11.132006,,,,,
P0469,79.257065,11.083208,,,,,
P0470,79.261898,10.997182,,,,,
P0471,79.223825,11.01097,,,,,
P0472,79.242812,11.135675,,,,,
P0473,79.115431,11.135962,,,,,
P0474,79.133087,11.016325,,,,,
P0475,79.062022,10.925955,,,,,
P0476,79.416739,10.885686,,,,,
P0477,79.293252,10.94646,,,,,
P0478,79.21018,10.989504,,,,,
P0479,79.124896,11.009566,,,,,
P0480,79.377323,11.146581,,,,,
P0481,79.237504,11.072484,,,,,
P0482,79.418266,10.895863,,,,,
P0483,79.070043,10.952416,,,,,
P0484,79.367783,10.952721,,,,,
P0485,79.350335,11.036813,,,,,
P0486,79.134782,11.088091,,,,,
P0487,79.225196,11.127135,,,,,
P0488,79.050924,11.041704,,,,,
P0489,79.162359,11.148011,,,,,
P0490,79.233305,10.868619,,,,,
P0491,79.110931,10.888709,,,,,
P0492,79.207171,11.039685,,,,,
P0493,79.177663,11.126556,,,,,
P0494,79.289878,11.047985,,,,,
P0495,79.430024,10.991835,,,,,
P0496,79.120894,10.952814,,,,,
P0497,79.388403,11.053428,,,,,
P0498,79.229853,10.862076,,,,,
P0499,79.262566,11.147542,,,,,
P0500,79.170992,11.047999,,,,,
P0501,79.196534,11.134261,,,,,
P0502,79.211256,11.071553,,,,,
P0503,79.337913,11.018546,,,,,
P0504,79.412835,11.00268,,,,,
P0505,79.308829,10.97579,,,,,
P0506,79.213263,10.952709,,,,,
P0507,79.100323,10.982015,,,,,
P0508,79.316996,10.877517,,,,,
P0509,79.315164,11.046655,,,,,
P0510,79.180619,10.85593,,,,,
P0511,79.361261,10.909343,,,,,
P0512,79.148672,11.108189,,,,,
P0513,79.101745,11.050355,,,,,
P0514,79.105462,10.932546,,,,,
P0515,79.319895,10.935056,,,,,
P0516,79.131009,11.123098,,,,,
P0517,79.330556,11.012624,,,,,
P0518,79.294024,11.135877,,,,,
P0519,79.300191,10.926532,,,,,
P0520,79.440451,10.946147,,,,,
P0521,79.210025,10.856968,,,,,
P0522,79.294091,11.112532,,,,,
P0523,79.424375,10.983183,,,,,
P0524,79.178886,11.106195,,,,,
P0525,79.24593,11.013365,,,,,
P0526,79.183645,11.039661,,,,,
P0527,79.415069,10.923262,,,,,
P0528,79.387329,11.127162,,,,,
P0529,79.347997,11.143461,,,,,
P0530,79.355036,11.0794,,,,,
P0531,79.232581,10.994182,,,,,
P0532,79.307928,10.922068,,,,,
P0533,79.153123,10.936796,,,,,
P0534,79.213993,11.025788,,,,,
P0535,79.376422,10.915657,,,,,
P0536,79.11708,11.108171,,,,,
P0537,79.184452,10.852252,,,,,
P0538,79.38567,11.089253,,,,,
P0539,79.206025,10.884711,,,,,
P0540,79.127036,11.149583,,,,,
P0541,79.21912,10.896189,,,,,
P0542,79.42316,11.035901,,,,,
P0543,79.077856,11.144246,,,,,
P0544,79.366295,10.891399,,,,,
P0545,79.094738,11.049036,,,,,
P0546,79.120543,11.099759,,,,,
P0547,79.270874,10.977049,,,,,
P0548,79.324465,11.00023,,,,,
P0549,79.446817,11.045806,,,,,
P0550,79.256584,11.149827,,,,,
P0551,79.177331,11.142999,,,,,
P0552,79.219911,10.988363,,,,,
P0553,79.318906,10.865426,,,,,
P0554,79.364986,10.956001,,,,,
P0555,79.378492,11.099636,,,,,
P0556,79.178618,10.975,,,,,
P0557,79.370556,11.074646,,,,,
P0558,79.407212,10.997377,,,,,
P0559,79.401628,10.893173,,,,,
P0560,79.11141,10.878829,,,,,
P0561,79.077007,11.010152,,,,,
P0562,79.050207,10.865842,,,,,
P0563,79.35985,10.980895,,,,,
P0564,79.310903,10.860452,,,,,
P0565,79.1172,11.096938,,,,,
P0566,79.39432,10.894059,,,,,
P0567,79.265577,11.096937,,,,,
P0568,79.087102,11.09576,,,,,
P0569,79.345119,10.968344,,,,,
P0570,79.350932,10.927236,,,,,
P0571,79.350106,11.001254,,,,,
P0572,79.197162,10.989404,,,,,
P0573,79.133352,10.915757,,,,,
P0574,79.097564,11.075447,,,,,
P0575,79.120517,10.875795,,,,,
P0576,79.379243,10.902604,,,,,
P0577,79.446155,10.969552,,,,,
P0578,79.311416,10.891163,,,,,
P0579,79.207167,10.984619,,,,,
P0580,79.440238,11.112525,,,,,
P0581,79.12692,11.111858,,,,,
P0582,79.31243,10.916239,,,,,
P0583,79.270364,11.019926,,,,,
P0584,79.334213,11.098564,,,,,
P0585,79.069784,10.857973,,,,,
P0586,79.244477,11.030468,,,,,
P0587,79.217462,10.928055,,,,,
P0588,79.380645,11.077373,,,,,
P0589,79.204148,11.018367,,,,,
P0590,79.258767,10.931209,,,,,
P0591,79.275638,10.944425,,,,,
P0592,79.076432,11.052996,,,,,
P0593,79.134911,10.85032,,,,,
P0594,79.308516,11.118353,,,,,
P0595,79.406106,10.901588,,,,,
P0596,79.240437,10.990987,,,,,
P0597,79.073795,11.130663,,,,,
P0598,79.284309,10.914553,,,,,
P0599,79.321811,10.908646,,,,,
P0600,79.089663,10.914228,,,,,
P0601,79.219094,10.912096,,,,,
P0602,79.103877,10.902841,,,,,
P0603,79.178159,11.108085,,,,,
P0604,79.072108,10.958228,,,,,
P0605,79.155923,10.957211,,,,,
P0606,79.132156,11.033146,,,,,
P0607,79.421867,11.11651,,,,,
P0608,79.092961,10.879949,,,,,
P0609,79.377924,11.076281,,,,,
P0610,79.448671,11.007818,,,,,
P0611,79.210506,10.863253,,,,,
P0612,79.429458,10.947181,,,,,
P0613,79.372476,11.023058,,,,,
P0614,79.441454,10.901102,,,,,
P0615,79.247469,10.999592,,,,,
P0616,79.202293,11.141265,,,,,
P0617,79.283901,10.969258,,,,,
P0618,79.178434,10.888416,,,,,
P0619,79.091313,10.907962,,,,,
P0620,79.285732,11.109843,,,,,
P0621,79.213468,10.957602,,,,,
P0622,79.30326,10.979456,,,,,
P0623,79.423112,11.128031,,,,,
P0624,79.181705,10.967448,,,,,
P0625,79.277174,10.985314,,,,,
P0626,79.313501,10.988545,,,,,
P0627,79.178286,11.01632,,,,,
P0628,79.201437,10.953719,,,,,
P0629,79.116425,10.878392,,,,,
P0630,79.205639,11.066934,,,,,
P0631,79.275069,10.914362,,,,,
P0632,79.152969,11.076662,,,,,
P0633,79.421002,11.098037,,,,,
P0634,79.317579,11.029218,,,,,
P0635,79.428208,10.865773,,,,,
P0636,79.41956,10.967745,,,,,
P0637,79.051848,11.023693,,,,,
P0638,79.322168,10.861563,,,,,
P0639,79.060613,11.0188,,,,,
P0640,79.390858,11.073038,,,,,
P0641,79.236303,10.998925,,,,,
P0642,79.36466,10.851642,,,,,
P0643,79.401505,10.949215,,,,,
P0644,79.276031,10.961918,,,,,
P0645,79.114235,10.931103,,,,,
P0646,79.248636,11.082472,,,,,
P0647,79.436166,11.010946,,,,,
P0648,79.392257,11.139074,,,,,
P0649,79.287709,10.906283,,,,,
P0650,79.199786,11.113444,,,,,
P0651,79.374385,10.880332,,,,,
P0652,79.275757,10.994529,,,,,
P0653,79.197994,10.977494,,,,,
P0654,79.09736,10.975286,,,,,
P0655,79.171519,10.935319,,,,,
P0656,79.059588,11.1123,,,,,
P0657,79.23547,11.006137,,,,,
P0658,79.115357,11.057038,,,,,
P0659,79.200694,11.050499,,,,,
P0660,79.066038,11.035614,,,,,
P0661,79.105849,10.914298,,,,,
P0662,79.187656,10.906542,,,,,
P0663,79.428928,10.879043,,,,,
P0664,79.373588,10.971498,,,,,
P0665,79.082294,11.142325,,,,,
P0666,79.22161,11.04027,,,,,
P0667,79.06436,10.979323,,,,,
P0668,79.447417,11.01038,,,,,
P0669,79.06616,11.137612,,,,,
P0670,79.170706,11.061739,,,,,
P0671,79.068046,11.120897,,,,,
P0672,79.38499,11.130762,,,,,
P0673,79.07393,10.885251,,,,,
P0674,79.112303,11.100412,,,,,
P0675,79.416298,11.010469,,,,,
P0676,79.208893,11.020234,,,,,
P0677,79.075247,10.983505,,,,,
P0678,79.174262,11.140626,,,,,
P0679,79.164419,10.906809,,,,,
P0680,79.087714,11.139312,,,,,
P0681,79.333138,11.110191,,,,,
P0682,79.440359,11.099006,,,,,
P0683,79.427353,11.102646,,,,,
P0684,79.368315,10.888081,,,,,
P0685,79.267398,11.013703,,,,,
P0686,79.438722,11.119676,,,,,
P0687,79.243175,11.061451,,,,,
P0688,79.204537,10.986921,,,,,
P0689,79.206603,10.95848,,,,,
P0690,79.080974,10.876926,,,,,
P0691,79.228429,11.083961,,,,,
P0692,79.294888,11.129205,,,,,
P0693,79.113009,10.860553,,,,,
P0694,79.440294,10.911746,,,,,
P0695,79.256302,10.915611,,,,,
P0696,79.440877,11.130853,,,,,
P0697,79.069647,10.920908,,,,,
P0698,79.075331,10.896081,,,,,
P0699,79.277428,10.908537,,,,,
P0700,79.264888,11.123735,,,,,
P0701,79.130747,11.037797,,,,,
P0702,79.297116,11.090175,,,,,
P0703,79.429537,11.109241,,,,,
P0704,79.086232,10.95437,,,,,
P0705,79.225137,10.917779,,,,,
P0706,79.201324,11.133708,,,,,
P0707,79.266191,11.081232,,,,,
P0708,79.178294,10.904843,,,,,
P0709,79.141458,10.980428,,,,,
P0710,79.117549,11.066572,,,,,
P0711,79.125161,11.131001,,,,,
P0712,79.249059,10.882194,,,,,
P0713,79.253277,11.005865,,,,,
P0714,79.241179,10.995884,,,,,
P0715,79.07673,10.97653,,,,,
P0716,79.070333,11.041283,,,,,
P0717,79.237602,11.144416,,,,,
P0718,79.240224,11.119027,,,,,
P0719,79.378885,10.868099,,,,,
P0720,79.362703,11.044455,,,,,
P0721,79.305175,10.978451,,,,,
P0722,79.302426,11.106869,,,,,
P0723,79.315012,10.954302,,,,,
P0724,79.434235,11.051556,,,,,
P0725,79.252305,11.093637,,,,,
P0726,79.233884,11.070972,,,,,
P0727,79.348082,10.914649,,,,,
P0728,79.129433,10.889347,,,,,
P0729,79.348908,11.038047,,,,,
P0730,79.159035,11.118406,,,,,
P0731,79.432419,10.883217,,,,,
P0732,79.129067,10.896327,,,,,
P0733,79.261757,10.937399,,,,,
P0734,79.354218,11.114848,,,,,
P0735,79.241362,10.957305,,,,,
P0736,79.159372,10.894228,,,,,
P0737,79.10091,10.9425,,,,,
P0738,79.332011,11.015072,,,,,
P0739,79.242449,10.870979,,,,,
P0740,79.349196,11.084663,,,,,
P0741,79.229296,11.094522,,,,,
P0742,79.146301,11.096167,,,,,
P0743,79.120542,10.958243,,,,,
P0744,79.206824,10.990245,,,,,
P0745,79.350712,10.922278,,,,,
P0746,79.159122,10.944154,,,,,
P0747,79.225529,10.889267,,,,,
P0748,79.197709,10.940889,,,,,
P0749,79.355262,10.920799,,,,,
P0750,79.249173,11.129001,,,,,
P0751,79.396869,11.0429,,,,,
P0752,79.295407,11.149649,,,,,
P0753,79.413443,11.116934,,,,,
P0754,79.234373,11.087435,,,,,
P0755,79.056322,10.874346,,,,,
P0756,79.247726,10.99316,,,,,
P0757,79.277267,10.972209,,,,,
P0758,79.384645,11.015649,,,,,
P0759,79.140071,10.882597,,,,,
P0760,79.389135,11.087901,,,,,
P0761,79.399165,11.148447,,,,,
P0762,79.175739,11.11697,,,,,
P0763,79.157234,10.970498,,,,,
P0764,79.425522,11.03189,,,,,
P0765,79.272801,10.953392,,,,,
P0766,79.11792,10.93889,,,,,
P0767,79.073178,10.908556,,,,,
P0768,79.211152,11.134788,,,,,
P0769,79.322532,11.100236,,,,,
P0770,79.120185,10.907576,,,,,
P0771,79.155885,11.093596,,,,,
P0772,79.106022,11.123986,,,,,
P0773,79.37579,11.053313,,,,,
P0774,79.160483,10.920577,,,,,
P0775,79.155839,11.139356,,,,,
P0776,79.223006,10.978987,,,,,
P0777,79.360316,10.92591,,,,,
P0778,79.201327,11.081555,,,,,
P0779,79.13523,11.100538,,,,,
P0780,79.278467,10.851292,,,,,
P0781,79.065458,11.148223,,,,,
P0782,79.257566,10.912399,,,,,
P0783,79.085617,11.092982,,,,,
P0784,79.34883,10.96857,,,,,
P0785,79.125535,10.961463,,,,,
P0786,79.21402,10.908649,,,,,
P0787,79.394726,10.993825,,,,,
P0788,79.326161,11.042676,,,,,
P0789,79.419339,10.971006,,,,,
P0790,79.341926,10.923763,,,,,
P0791,79.089115,11.076372,,,,,
P0792,79.130225,10.990469,,,,,
P0793,79.235531,10.905613,,,,,
P0794,79.368424,10.936829,,,,,
P0795,79.371088,11.122281,,,,,
P0796,79.159654,10.929809,,,,,
P0797,79.104015,10.926419,,,,,
P0798,79.388668,10.917407,,,,,
P0799,79.064047,10.969759,,,,,
P0800,79.3057,10.898582,,,,,
P0801,79.134374,11.084872,,,,,
P0802,79.390399,11.125219,,,,,
P0803,79.141064,11.104514,,,,,
P0804,79.396969,10.865161,,,,,
P0805,79.297567,10.94174,,,,,
P0806,79.101317,11.07799,,,,,
P0807,79.425405,11.084252,,,,,
P0808,79.260983,11.113003,,,,,
P0809,79.378202,11.073431,,,,,
P0810,79.165142,11.074806,,,,,
P0811,79.145335,10.885353,,,,,
P0812,79.252111,11.000862,,,,,
P0813,79.208041,11.024793,,,,,
P0814,79.415262,11.086067,,,,,
P0815,79.344609,10.924018,,,,,
P0816,79.259236,11.053392,,,,,
P0817,79.368093,10.906559,,,,,
P0818,79.338735,11.138188,,,,,
P0819,79.443674,11.125358,,,,,
P0820,79.305289,10.955615,,,,,
P0821,79.444651,10.99218,,,,,
P0822,79.21495,10.878142,,,,,
P0823,79.163621,11.112662,,,,,
P0824,79.203113,11.086338,,,,,
P0825,79.403412,11.143994,,,,,
P0826,79.358077,10.940396,,,,,
P0827,79.292545,10.951057,,,,,
P0828,79.381838,11.047544,,,,,
P0829,79.138063,10.857335,,,,,
P0830,79.275409,11.063575,,,,,
P0831,79.072084,10.998682,,,,,
P0832,79.39604,10.954483,,,,,
P0833,79.208574,10.859268,,,,,
P0834,79.070352,11.133544,,,,,
P0835,79.348427,11.109983,,,,,
P0836,79.13637,11.115712,,,,,
P0837,79.361708,11.009388,,,,,
P0838,79.142299,10.92371,,,,,
P0839,79.433406,10.858155,,,,,
P0840,79.304224,11.063005,,,,,
P0841,79.262645,11.073198,,,,,
P0842,79.229813,10.99284,,,,,
P0843,79.130614,11.042132,,,,,
P0844,79.374701,11.116418,,,,,
P0845,79.281444,10.954869,,,,,
P0846,79.438938,10.892308,,,,,
P0847,79.418759,11.120868,,,,,
P0848,79.086001,10.913532,,,,,
P0849,79.078522,10.886033,,,,,
P0850,79.079623,11.146947,,,,,
P0851,79.380902,10.889763,,,,,
P0852,79.359767,11.024072,,,,,
P0853,79.40287,11.039274,,,,,
P0854,79.25885,11.04154,,,,,
P0855,79.228957,11.063825,,,,,
P0856,79.237061,10.953819,,,,,
P0857,79.368629,10.900914,,,,,
P0858,79.111413,10.928211,,,,,
P0859,79.386828,10.923906,,,,,
P0860,79.32442,10.94906,,,,,
P0861,79.081098,11.106923,,,,,
P0862,79.173066,11.079507,,,,,
P0863,79.325561,10.914987,,,,,
P0864,79.168008,11.122939,,,,,
P0865,79.165934,11.02065,,,,,
P0866,79.298745,11.016286,,,,,
P0867,79.299419,11.033101,,,,,
P0868,79.327416,10.890524,,,,,
P0869,79.323035,11.052425,,,,,
P0870,79.228736,10.872221,,,,,
P0871,79.084685,10.972711,,,,,
P0872,79.144825,11.072872,,,,,
P0873,79.268319,11.098925,,,,,
P0874,79.239022,11.078127,,,,,
P0875,79.297888,10.999758,,,,,
P0876,79.246725,11.128391,,,,,
P0877,79.290799,11.008597,,,,,
P0878,79.07874,11.071255,,,,,
P0879,79.242637,11.004706,,,,,
P0880,79.247403,11.126505,,,,,
P0881,79.43488,10.990496,,,,,
P0882,79.122354,10.985173,,,,,
P0883,79.222778,10.85017,,,,,
P0884,79.343387,11.080773,,,,,
P0885,79.277993,10.859645,,,,,
P0886,79.426431,10.896285,,,,,
P0887,79.300656,10.900209,,,,,
P0888,79.306625,10.947872,,,,,
P0889,79.353857,10.973678,,,,,
P0890,79.412317,10.919204,,,,,
P0891,79.352437,11.000063,,,,,
P0892,79.449531,11.104919,,,,,
P0893,79.164757,10.917184,,,,,
P0894,79.155149,10.92513,,,,,
P0895,79.447409,11.024733,,,,,
P0896,79.260709,11.147083,,,,,
P0897,79.393988,11.041708,,,,,
P0898,79.131544,11.12988,,,,,
P0899,79.383135,11.008563,,,,,
P0900,79.225924,10.940961,,,,,
P0901,79.444019,11.145686,,,,,
P0902,79.17834,10.930739,,,,,
P0903,79.274311,11.014185,,,,,
P0904,79.304668,11.001651,,,,,
P0905,79.34967,10.972497,,,,,
P0906,79.182271,10.950065,,,,,
P0907,79.125485,10.888168,,,,,
P0908,79.228513,11.105156,,,,,
P0909,79.353736,10.91836,,,,,
P0910,79.058462,11.016194,,,,,
P0911,79.120801,10.944908,,,,,
P0912,79.160012,11.046762,,,,,
P0913,79.071974,10.869484,,,,,
P0914,79.058689,11.024518,,,,,
P0915,79.227875,11.03197,,,,,
P0916,79.078719,10.982855,,,,,
P0917,79.407221,11.090826,,,,,
P0918,79.121442,10.853305,,,,,
P0919,79.269797,11.121171,,,,,
P0920,79.131116,10.895012,,,,,
P0921,79.339927,11.047996,,,,,
P0922,79.431259,11.029828,,,,,
P0923,79.170109,10.998219,,,,,
P0924,79.193867,10.99317,,,,,
P0925,79.068385,10.917325,,,,,
P0926,79.334564,10.955664,,,,,
P0927,79.225671,10.855531,,,,,
P0928,79.294162,11.043203,,,,,
P0929,79.374208,11.082995,,,,,
P0930,79.091119,11.063512,,,,,
P0931,79.291362,10.992507,,,,,
P0932,79.067021,10.92367,,,,,
P0933,79.231958,10.917077,,,,,
P0934,79.120667,10.974179,,,,,
P0935,79.421829,10.910404,,,,,
P0936,79.419985,10.855358,,,,,
P0937,79.054821,11.135579,,,,,
P0938,79.438081,11.078906,,,,,
P0939,79.438284,11.121771,,,,,
P0940,79.081262,11.015097,,,,,
P0941,79.295531,11.104937,,,,,
P0942,79.216901,11.034421,,,,,
P0943,79.111432,11.021553,,,,,
P0944,79.389591,11.068934,,,,,
P0945,79.253932,10.991741,,,,,
P0946,79.437783,10.943664,,,,,
P0947,79.197595,11.069937,,,,,
P0948,79.137832,10.902442,,,,,
P0949,79.427027,10.989177,,,,,
P0950,79.136097,11.070244,,,,,
P0951,79.20128,11.107868,,,,,
P0952,79.14668,11.105517,,,,,
P0953,79.420668,11.035598,,,,,
P0954,79.327171,10.927368,,,,,
P0955,79.110239,11.146194,,,,,
P0956,79.319678,10.876521,,,,,
P0957,79.078498,10.951921,,,,,
P0958,79.351508,10.992592,,,,,
P0959,79.184019,10.935537,,,,,
P0960,79.258029,11.10371,,,,,
P0961,79.228556,11.10282,,,,,
P0962,79.310318,11.135893,,,,,
P0963,79.404037,10.88477,,,,,
P0964,79.106656,10.99678,,,,,
P0965,79.325014,10.895807,,,,,
P0966,79.164638,10.864212,,,,,
P0967,79.226431,10.891936,,,,,
P0968,79.258751,10.974306,,,,,
P0969,79.062817,10.933891,,,,,
P0970,79.199487,11.034316,,,,,
P0971,79.093467,11.0454,,,,,
P0972,79.149318,10.854133,,,,,
P0973,79.207629,10.986964,,,,,
P0974,79.201135,11.093091,,,,,
P0975,79.287406,11.009132,,,,,
P0976,79.256053,10.856549,,,,,
P0977,79.218512,10.953449,,,,,
P0978,79.363128,10.880086,,,,,
P0979,79.058908,11.132721,,,,,
P0980,79.355538,11.030412,,,,,
P0981,79.365022,10.935442,,,,,
P0982,79.421665,11.039707,,,,,
P0983,79.066938,11.144301,,,,,
P0984,79.268795,10.983481,,,,,
P0985,79.184514,10.894023,,,,,
P0986,79.056492,11.146294,,,,,
P0987,79.387062,10.985752,,,,,
P0988,79.241919,10.94717,,,,,
P0989,79.239951,11.143414,,,,,
P0990,79.070689,10.889276,,,,,
P0991,79.156324,11.133625,,,,,
P0992,79.086281,11.001219,,,,,
P0993,79.422042,10.977097,,,,,
P0994,79.438454,11.000724,,,,,
P0995,79.251818,10.927651,,,,,
P0996,79.229301,11.107859,,,,,
P0997,79.39219,10.933846,,,,,
P0998,79.262289,10.966967,,,,,
P0999,79.124593,11.142958,,,,,
P1000,79.062428,10.94042,,,,,
